{
  "train_loss": [
    0.3013011687463778,
    0.1887030485400393,
    0.1617744508102262,
    0.15053960709529787,
    0.13914904583451207
  ],
  "val_loss": [
    0.2521822452545166,
    0.373859167098999,
    0.4171988368034363,
    0.18940423429012299,
    0.195859894156456
  ],
  "train_acc": [
    0.8730828220858896,
    0.9250383435582822,
    0.9392254601226994,
    0.9411426380368099,
    0.9461273006134969
  ],
  "val_acc": [
    0.9375,
    0.75,
    0.75,
    0.9375,
    1.0
  ]
}